ID;TITLE;AUTHOR;WYDAWNICTWO;MIEJSCE I ROK WYDANIA;NUMER WYDANIA;ISBN;GENRE;STATUS;TOTAL COPIES;AVAILABLE COPIES
1;Złodziej Pioruna. Percy Jackson i Bogowie Olimpijscy. Tom 1;Rick Riordan;Galeria Książki;Kraków 2024;Wydanie V;9788367071956;fantasy / przygodowe / młodzieżowe / mitologia;DOSTĘPNY;1;1
2;Morze Potworów. Percy Jackson i Bogowie Olimpijscy. Tom 2;Rick Riordan;Galeria Książki;Kraków 2024;Wydanie V;9788367071963;fantasy / przygodowe / młodzieżowe / mitologia;DOSTĘPNY;1;1
3;Klątwa Tytana. Percy Jackson i Bogowie Olimpijscy. Tom 3;Rick Riordan;Galeria Książki;Kraków 2024;Wydanie IV;9788367071970;fantasy / przygodowe / młodzieżowe / mitologia;DOSTĘPNY;1;1
4;Bitwa w Labiryncie. Percy Jackson i Bogowie Olimpijscy. Tom 4;Rick Riordan;Galeria Książki;Kraków 2024;Wydanie IV;9788367071987;fantasy / przygodowe / młodzieżowe / mitologia;DOSTĘPNY;1;1
5;Ostatni Olimpijczyk. Percy Jackosn i Bogowie Olimpijscy. Tom 5;Rick Riordan;Galeria Książki;Kraków 2024;Wydanie IV;9788367071994;fantasy / przygodowe / młodzieżowe / mitologia;DOSTĘPNY;1;1
6;Zagubiony Heros. Olimpijscy Herosi. Tom 1;Rick Riordan;Galeria Książki;Kraków 2017;Wydanie I;9788367071345;fantasy / przygodowe / młodzieżowe / mitologia;NIEDOSTĘPNY;1;0
7;Syn Neptuna. Olimpijscy Herosi. Tom 2;Rick Riordan;Galeria Książki;Kraków 2014;Wydanie I;9788367071352;fantasy / przygodowe / młodzieżowe / mitologia;NIEDOSTĘPNY;1;0
8;Znak Ateny. Olimpijscy Herosi. Tom 3;Rick Riordan;Galeria Książki;Kraków 2012;Wydanie II;9788367071673;fantasy / przygodowe / młodzieżowe / mitologia;NIEDOSTĘPNY;1;0
9;Dom Hadesa. Olimpijscy Herosi. Tom 4;Rick Riordan;Galeria Książki;Kraków 2014;Wydanie II;9788367071680;fantasy / przygodowe / młodzieżowe / mitologia;NIEDOSTĘPNY;1;0
10;Krew Olimpu. Olimpijscy Herosi. Tom 5;Rick Riordan;Galeria Książki;Krakow 2014;Wydanie II;9788367071697;fantasy / przygodowe / młodzieżowe / mitologia;NIEDOSTĘPNY;1;0
11;Ukryta Wyrocznia. Apollo i Boskie Próby. Tom 1;Rick Riordan;Galeria Książki;Kraków 2024;Wydanie III;9788368181128;fantasy / przygodowe / młodzieżowe / mitologia;DOSTĘPNY;1;1
12;Mroczna Przepowiednia. Apollo i Boskie Próby. Tom 2;Rick Riordan;Galeria Książki;Kraków 2024;Wydanie II;9788368181104;fantasy / przygodowe / młodzieżowe / mitologia;DOSTĘPNY;1;1
13;Labirynt Ognia. Apollo i Boskie Próby. Tom 3;Rick Riordan;Galeria Książki;Kraków 2025;Wydanie III;9788368181180;fantasy / przygodowe / młodzieżowe / mitologia;DOSTĘPNY;1;1
14;Grobowiec Tytana. Apollo i Boskie Próby. Tom 4;Rick Riordan;Galeria Książki;Kraków 2024;Wydanie II;9788397002753;fantasy / przygodowe / młodzieżowe / mitologia;DOSTĘPNY;1;1
15;Wieża Nerona. Apollo i Boskie Próby. Tom 5;Rick Riordan;Galeria Książki;Kraków 2024;Wydanie II;9788397002739;fantasy / przygodowe / młodzieżowe / mitologia;DOSTĘPNY;1;1
16;Puchar Bogów. Percy Jackson i Bogowie Olimpijscy. Przygody na koniec szkoły. Tom 1;Rick Riordan;Galeria Książki;Kraków 2023;Wydanie I;9788367071772;fantasy / przygodowe / młodzieżowe / mitologia;DOSTĘPNY;1;1
17;Gniew Potrójnej Bogini. Percy Jackson i Bogowie Olimpijscy. Przygody na koniec szkoły. Tom 2;Rick Riordan;Galeria Książki;Kraków 2024;Wydanie I;9788368181098;fantasy / przygodowe / młodzieżowe / mitologia;DOSTĘPNY;1;1
18;Miecz Lata. Magnus Chase i Bogowie Asgardu. Tom 1;Rick Riordan;Galeria Książki;Kraków 2023;Wydanie II;9788367071550;fantasy / przygodowe / młodzieżowe / mitologia;DOSTĘPNY;1;1
19;Młot Thora. Magnus Chase i Bogowie Asgardu. Tom 2;Rick Riordan;Galeria Książki;Kraków 2023;Wydanie II;9788367071567;fantasy / przygodowe / młodzieżowe / mitologia;DOSTĘPNY;1;1
20;Statek Umarłych. Magnus Chase i Bogowie Asgardu. Tom 3;Rick Riordan;Galeria Książki;Kraków 2023;Wydanie II;9788367071574;fantasy / przygodowe / młodzieżowe / mitologia;DOSTĘPNY;1;1
21;Czerwona Piramida. Kroniki Rodu Kane. Tom 1;Rick Riordan;Galeria Książki;Kraków 2011;Wydanie I;9788362170135;fantasy / przygodowe / młodzieżowe / mitologia;NIEDOSTĘPNY;1;0
22;Ognisty Tron. Kroniki Rodu Kane. Tom 2;Rick Riordan;Galeria Książki;Kraków 2014;Wydanie II;9788362170289;fantasy / przygodowe / młodzieżowe / mitologia;NIEDOSTĘPNY;1;0
23;Cień Węża. Kroniki Rodu Kane. Tom 3;Rick Riordan;Galeria Książki;Kraków 2014;Wydanie I;9788362170463;fantasy / przygodowe / młodzieżowe / mitologia;NIEDOSTĘPNY;1;0
24;Greccy Bogowie według Percy'ego Jacksona;Rick Riordan;Galeria Książki;Kraków 2014;Wydanie I;9788364297366;fantasy / przygodowe / młodzieżowe / mitologia;DOSTĘPNY;1;1
25;Greccy Herosi według Percy'ego Jacksona;Rick Riordan;Galeria Książki;Kraków 2015;Wydanie I;9788364297632;fantasy / przygodowe / młodzieżowe / mitologia;DOSTĘPNY;1;1
26;Archiwum Herosów. Percy Jackson i Bogowie Olimpijscy;Rick Riordan;Galeria Książki;Kraków 2023;Wydanie II;9788366173057;fantasy / przygodowe / młodzieżowe / mitologia;DOSTĘPNY;1;1
27;Tajne Akra Obozu Herosów. Jedyny (prawdziwy) Przewodnik Po Obozie Treningowym dla Półbogów;Rick Riordan;Galeria Książki;Kraków 2023;Wydanie II;9788366173040;fantasy / przygodowe / młodzieżowe / mitologia;DOSTĘPNY;1;1
28;Pamiętniki Półbogów. Olimpijscy Herosi;Rick Riordan;Galeria Książki;Kraków 2013;Wydanie I;9788362170630;fantasy / przygodowe / młodzieżowe / mitologia;DOSTĘPNY;1;1
29;9 z Dziewięciu Światów;Rick Riordan;Galeria Książki;Kraków 2018;Wydanie I;9788365534989;fantasy / przygodowe / młodzieżowe / mitologia;DOSTĘPNY;1;1
30;Szklany Tron;Sarah J. Maas;Uroboros;Warszawa 2017;Wydanie I;9788377478844;fantasy / romantasy;DOSTĘPNY;1;1
31;Korona w Mroku;Sarah J. Maas;Uroboros;Warszawa 2014;Wydanie I;9788377479902;fantasy / romantasy;DOSTĘPNY;1;1
32;Dziedzictwo Ognia;Sarah J. Maas;Uroboros;Warszawa 2015;Wydanie I;9788328021341;fantasy / romantasy;DOSTĘPNY;1;1
33;Królowa Cieni;Sarah J. Maas;Uroboros;Warszawa 2016;Wydanie I;9788328021921;fantasy / romantasy;DOSTĘPNY;1;1
34;Imperium Burz;Sarah J. Maas;Uroboros;Warszawa 2017;Wydanie I;9788328037304;fantasy / romantasy;DOSTĘPNY;1;1
35;Wieża Świtu;Sarah J. Maas;Uroboros;Warszawa 2018;Wydanie I;9788328053465;fantasy / romantasy;DOSTĘPNY;1;1
36;Królestwo Popiołów część 1;Sarah J. Maas;Uroboros;Warszawa 2019;Wydanie I;9788328061217;fantasy / romantasy;DOSTĘPNY;1;1
37;Królestwo Popiołów część 2;Sarah J. Maas;Uroboros;Warszawa 2019;Wydanie I;9788328068926;fantasy / romantasy;DOSTĘPNY;1;1
38;Zabójczyni;Sarah J. Maas;Uroboros;Warszawa 2016;Wydanie II;9788328037823;fantasy / romantasy;DOSTĘPNY;1;1
39;Księżycowe Miasto. Dom Ziemi i Krwi część 1;Sarah J. Maas;Uroboros;Warszawa 2020;Wydanie I;9788328052062;romantasy;DOSTĘPNY;1;1
40;Księżycowe Miasto. Dom Ziemi i Krwi część 2;Sarah J. Maas;Uroboros;Warszawa 2020;Wydanie I;9788328083042;romantasy;DOSTĘPNY;1;1
41;Księżycowe Miasto. Dom Nieba i Oddechu część 1;Sarah J. Maas;Uroboros;Warszawa 2022;Wydanie I;9788328052079;romantasy;NIEDOSTĘPNY;1;0
42;Księżycowe Miasto. Dom Nieba i Oddechu część 2;Sarah J. Maas;Uroboros;Warszawa 2022;Wydanie I;9788328098039;romantasy;NIEDOSTĘPNY;1;0
43;Księżycowe Miasto. Dom Płomienia i Cienia;Sarah J. Maas;Uroboros;Warszawa 2024;Wydanie I;9788328052086;romantasy;NIEDOSTĘPNY;1;0
44;Dwór Cierni i Róż;Sarah J. Maas;Uroboros;Warszawa 2016;Wydanie I;9788328021419;romantasy;DOSTĘPNY;1;1
45;Dwór Mgieł i Furii;Sarah J. Maas;Uroboros;Warszawa 2017;Wydanie I;9788328021754;romantasy;DOSTĘPNY;1;1
46;Dwór Skrzydeł i Zguby;Sarah J. Maas;Uroboros;Warszawa 2017;Wydanie I;9788328021747;romantasy;DOSTĘPNY;1;1
47;Dwór Szronu i Blasku Gwiazd;Sarah J. Maas;Uroboros;Warszawa 2018;Wydanie I;9788328060449;romantasy;DOSTĘPNY;1;1
48;Dwór Srebrnych Płomieni część 1;Sarah J. Maas;Uroboros;Warszawa 2024;Wydanie II;9788383196091;romantasy;NIEDOSTĘPNY;1;0
49;Dwór Srebrnych Płomieni część 2;Sarah J. Maas;Uroboros;Warszawa 2025;Wydanie II;9788328089082;romantasy;NIEDOSTĘPNY;1;0
50;Cień i Kość;Leigh Bardugo;Wydawnictwo MAG;Warszawa 2019;Wydanie I;9788366065154;fantasy;DOSTĘPNY;1;1
51;Oblężenie i Nawałnica;Leigh Bardugo;Wydawnictwo MAG;Warszawa 2019;Wydanie I;9788374805636;fantasy;DOSTĘPNY;1;1
52;Zniszczenie i Odnowa;Leigh Bardugo;Wydawnictwo MAG;Warszawa 2019;Wydanie I;9788374805780;fantasy;DOSTĘPNY;1;1
53;Szóstka Wron;Leigh Bardugo;Wydawnictwo MAG;Warszawa 2016;Wydanie I;9788374806664;fantasy;DOSTĘPNY;1;1
54;Królestwo Kanciarzy;Leigh Bardugo;Wydawnictwo MAG;Warszawa 2017;Wydanie I;9788374807333;fantasy;DOSTĘPNY;1;1
55;Król z Bliznami;Leigh Bardugo;Wydawnictwo MAG;Warszawa 2023;Wydanie III;9788367793070;fantasy;DOSTĘPNY;1;1
56;Rządy Wilków;Leigh Bardugo;Wydawnictwo MAG;Warszawa 2021;Wydanie I;9788366712256;fantasy;DOSTĘPNY;1;1
57;Żywoty Świętych;Leigh Bardugo;Wydawnictwo MAG;Warszawa 2021;Wydanie I;9788367023023;fantasy;DOSTĘPNY;1;1
58;Red, White & Royal Blue;Casey McQuiston;Prószyński i S-ka;Warszawa 2023;Wydanie I;9788383520186;obyczajowe / romans;DOSTĘPNY;1;1
59;Harry Potter i kamień filozoficzny;J. K. Rowling;Media Rodzina;Poznań 2022;Wydanie II;9788382654530;fantasy / przygodowe;DOSTĘPNY;1;1
60;Harry Potter i komnata Tajemnic;J. K. Rowling;Media Rodzina;Poznań 2023;Wydanie II;9788380082137;fantasy / przygodowe;DOSTĘPNY;1;1
61;Harry Potter i więzień Azkabanu;J. K. Rowling;Media Rodzina;Poznań 2023;Wydanie II;9788380082151;fantasy / przygodowe;DOSTĘPNY;1;1
62;Harry Potter i Czara Ognia;J. K. Rowling;Media Rodzina;Poznań 2023;Wydanie II;9788382654493;fantasy / przygodowe;NIEDOSTĘPNY;1;0
63;Harry Potter i Zakon Feniksa;J. K. Rowling;Media Rodzina;Poznań 2023;Wydanie II;9788382654509;fantasy / przygodowe;NIEDOSTĘPNY;1;0
64;Harry Potter i Książę Półkrwi;J. K. Rowling;Media Rodzina;Poznań 2023;Wydanie II;9788382654516;fantasy / przygodowe;NIEDOSTĘPNY;1;0
65;Harry Potter i Insygnia Śmierci;J. K. Rowling;Media Rodzina;Poznań 2023;Wydanie II;9788382654523;fantasy / przygodowe;NIEDOSTĘPNY;1;0
66;Harry Potter i Przeklęte Dziecko;J. K. Rowling;Media Rodzina;Poznań 2023;Wydanie I;9788380082281;fantasy / przygodowe;DOSTĘPNY;1;1
67;Quidditch przez wieki;J. K. Rowling;Media Rodzina;Poznań 2017;Wydanie I;9788380082991;fantasy / przygodowe;DOSTĘPNY;1;1
68;Fantastyczne zwierzęta i jak je znaleźć;J. K. Rowling;Media Rodzina;Poznań 2017;Wydanie I;9788380082984;fantasy / przygodowe;DOSTĘPNY;1;1
69;Baśnie barda Beedle'a;J. K. Rowling;Media Rodzina;Poznań 2017;Wydanie I;9788380082977;fantasy / przygodowe;DOSTĘPNY;1;1
70;Mitologia Nordycka;Neil Gaiman;Wydawnictwo MAG;Warszawa 2017;Wydanie I;9788374807289;mitologia;DOSTĘPNY;1;1
71;Baśniobór. Tom 1;Brandon Mull;Wydawnictwo Wilga;Warszawa 2011;Wydanie I;9788377478622;fantasy / przygodowe / młodzieżowe;DOSTĘPNY;1;1
72;Gwiazda wieczorna wschodzi. Baśniobór. Tom 2;Brandon Mull;Wydawnictwo Wilga;Warszawa 2011;Wydanie I;9788377478639;fantasy / przygodowe / młodzieżowe;DOSTĘPNY;1;1
73;Plaga Cieni. Baśniobór. Tom 3;Brandon Mull;Wydawnictwo Wilga;Warszawa 2012;Wydanie I;9788377478615;fantasy / przygodowe / młodzieżowe;DOSTĘPNY;1;1
74;Tajemnice smoczego azylu. Baśniobór. Tom 4;Brandon Mull;Wydawnictwo Wilga;Warszawa 2012;Wydanie I;9788377477557;fantasy / przygodowe / młodzieżowe;NIEDOSTĘPNY;1;0
75;Klucze do więzienia demonów. Baśniobór. Tom 5;Brandon Mull;Wydawnictwo Wilga;Warszawa 2013;Wydanie I;9788377478424;fantasy / przygodowe / młodzieżowe;NIEDOSTĘPNY;1;0
76;Smocza Straż. Tom 1;Brandon Mull;Wydawnictwo Wilga;Warszawa 2022;Wydanie I;9788328048690;fantasy / przygodowe / młodzieżowe;NIEDOSTĘPNY;1;0
77;Gniew Króla Smoków. Smocza Straż. Tom 2;Brandon Mull;Wydawnictwo Wilga;Warszawa 2022;Wydanie I;9788383878843;fantasy / przygodowe / młodzieżowe;NIEDOSTĘPNY;1;0
78;Pan Widmowej Wyspy. Smocza Straż. Tom 3;Brandon Mull;Wydawnictwo Wilga;Warszawa 2022;Wydanie I;9788328075788;fantasy / przygodowe / młodzieżowe;NIEDOSTĘPNY;1;0
79;Mistrz Igrzysk Tytanów. Smocza Straż Tom 4;Brandon Mull;Wydawnictwo Wilga;Warszawa 2022;Wydanie I;9788383878836;fantasy / przygodowe / młodzieżowe;NIEDOSTĘPNY;1;0
80;Powrót zabójców smoków. Smocza straż. Tom 5;Brandon Mull;Wydawnictwo Wilga;Warszawa 2022;Wydanie I;9788328092969;fantasy / przygodowe / młodzieżowe;NIEDOSTĘPNY;1;0
81;Zborowski;Jacek Komuda;Fabryka Słów;Lublin 2012;Wydanie I;9788375747843;historyczne;DOSTĘPNY;1;1
82;Zawisza. Czarne Krzyże;Jacek Komuda;Fabryka Słów;Lublin 2021;Wydanie I;9788379644599;historyczne;DOSTĘPNY;1;1
83;Wilcze gniazdo;Jacek Komuda;Fabryka Słów;Lublin;Wydanie;place holder;historyczne;DOSTĘPNY;1;1
84;Morderstwo w Orient Expressie;Agatha Christie;Wydawnictwo Dolnośląskie;Wrocław 2021;Wydanie I;9788327165022;kryminał / detektywistyczne;DOSTĘPNY;1;1
85;The Inheritance Games;Jennifer Lynn Barnes;Must Read;Poznań 2022;Wydanie I;9788380089457;młodzieżowe / thriller/ kryminał;DOSTĘPNY;1;1
86;Dziedzictwo Hawthorne'ów. The Inheritance Games. Tom 2;Jennifer Lynn Barnes;Must Read;Poznań 2022;Wydanie I;9788382650976;młodzieżowe / thriller/ kryminał;NIEDOSTĘPNY;1;0
87;Ostatni gambit. The Inheritance Games. Tom 3;Jennifer Lynn Barnes;Must Read;Poznań 2023;Wydanie I;9788382653311;młodzieżowe / thriller/ kryminał;NIEDOSTĘPNY;1;0
88;The Brothers Hawthorne. Bracia Hawthorne’owie. The Inheritance Games. Tom 4;Jennifer Lynn Barnes;Must Read;Poznań 2023;Wydanie I;9788382654233;młodzieżowe / thriller/ kryminał;NIEDOSTĘPNY;1;0
89;Games Untold. The Inheritance Games. Tom 5;Jennifer Lynn Barnes;Must Read;Poznań 2025;Wydanie I;9788382658187;młodzieżowe / thriller/ kryminał;NIEDOSTĘPNY;1;0
90;Love story tak i wspak. The Inheritance Games. Tom 6;Jennifer Lynn Barnes;Must Read;Poznań 2026;Wydanie I;9788368625028;młodzieżowe / thriller/ kryminał;NIEDOSTĘPNY;1;0
91;Historia Bez Cenzury;Wojciech Drewniak;Znak Horyzont;Kraków 2016;Wydanie I;9788324034529;historyczne;DOSTĘPNY;1;1
92;Polskie koksy. Historia Bez Cenzury. Tom 2;Wojciech Drewniak;Znak Horyzont;Kraków 2017;Wydanie I;9788324041961;historyczne;DOSTĘPNY;1;1
93;Poland first to fight… czyli II wojna światowa. Historia Bez Cenzury. Tom 3;Wojciech Drewniak;Znak Horyzont;Kraków 2018;Wydanie I;9788324042777;historyczne;DOSTĘPNY;1;1
94;Średniowiecze bez trzymanki. Historia Bez Cenzury. Tom 4;Wojciech Drewniak;Znak Horyzont;Kraków 2019;Wydanie I;9788324057818;historyczne;DOSTĘPNY;1;1
95;I straszno, i śmieszno - PRL. Historia Bez Cenzury. Tom 5;Wojciech Drewniak;Znak Horyzont;Kraków 2020;Wydanie I;9788324078608;historyczne;DOSTĘPNY;1;1
96;Świry u władzy. Historia Bez Cenzury. Tom 6;Wojciech Drewniak;Znak Horyzont;Kraków 2021;Wydanie I;9788324079858;historyczne;DOSTĘPNY;1;1
97;Ludzie to idioci. Historia Bez Cenzury. Tom 7;Wojciech Drewniak;Znak Horyzont;Kraków 2023;Wydanie I;9788324088324;historyczne;DOSTĘPNY;1;1
98;Ruiny Gorlanu. Zwiadowcy. Księga 1;John Flanagan;Jaguar;Warszawa 2023;Wydanie I;9788382662276;fantasy / młodzieżowe / przygodowe;NIEDOSTĘPNY;1;0
99;Płonący most. Zwiadowcy. Księga 2;John Flanagan;Jaguar;Warszawa 2023;Wydanie I;9788382662283;fantasy / młodzieżowe / przygodowe;NIEDOSTĘPNY;1;0
100;Ziemia skuta lodem. Zwiadowcy. Księga 3;John Flanagan;Jaguar;Warszawa 2020;Wydanie I;9788382664065;fantasy / młodzieżowe / przygodowe;NIEDOSTĘPNY;1;0
101;Bitwa o Skandię. Zwiadowcy. Księga 4;John Flanagan;Jaguar;Warszawa 2025;Wydanie I;9788382665284;fantasy / młodzieżowe / przygodowe;NIEDOSTĘPNY;1;0
102;Czarnoksiężnik z północy. Zwiadowcy. Księga 5;John Flanagan;Jaguar;Warszawa 2024;Wydanie I;9788382663778;fantasy / młodzieżowe / przygodowe;NIEDOSTĘPNY;1;0
103;Oblężenie Macindaw. Zwiadowcy. Księga 6;John Flanagan;Jaguar;Warszawa 2025;Wydanie I;9788368592184;fantasy / młodzieżowe / przygodowe;NIEDOSTĘPNY;1;0
104;Okup za Eraka. Zwiadowcy. Księga 7;John Flanagan;Jaguar;Warszawa 2024;Wydanie I;9788382664072;fantasy / młodzieżowe / przygodowe;NIEDOSTĘPNY;1;0
105;Królowie Clonmelu. Zwiadowcy. Księga 8;John Flanagan;Jaguar;Warszawa 2023;Wydanie I;9788382662290;fantasy / młodzieżowe / przygodowe;NIEDOSTĘPNY;1;0
106;Halt w niebezpieczeństwie. Zwiadowcy. Księga 9;John Flanagan;Jaguar;Warszawa 2024;Wydanie I;9788382664201;fantasy / młodzieżowe / przygodowe;NIEDOSTĘPNY;1;0
107;Cesarz Nihon-Ja. Zwiadowcy. Księga 10;John Flanagan;Jaguar;Warszawa 2023;Wydanie I;9788382662306;fantasy / młodzieżowe / przygodowe;NIEDOSTĘPNY;1;0
108;Zaginione historie. Zwiadowcy. Księga 11;John Flanagan;Jaguar;Warszawa 2024;Wydanie I;9788382663785;fantasy / młodzieżowe / przygodowe;NIEDOSTĘPNY;1;0
109;Królewski zwiadowca. Zwiadowcy. Księga 12;John Flanagan;Jaguar;Warszawa 2024;Wydanie I;9788382663792;fantasy / młodzieżowe / przygodowe;NIEDOSTĘPNY;1;0
110;Klan Czerwonego Lisa. Zwiadowcy. Księga 13;John Flanagan;Jaguar;Warszawa 2025;Wydanie I;9788382665307;fantasy / młodzieżowe / przygodowe;NIEDOSTĘPNY;1;0
111;Pojedynek w Araluenie. Zwiadowcy. Ksiega 14;John Flanagan;Jaguar;Warszawa 2025;Wydanie I;9788382665079;fantasy / młodzieżowe / przygodowe;NIEDOSTĘPNY;1;0
112;Zaginiony książę. Zwiadowcy. Księga 15;John Flanagan;Jaguar;Warszawa 2025;Wydanie I;9788382665314;fantasy / młodzieżowe / przygodowe;NIEDOSTĘPNY;1;0
113;Ucieczka z zamku Falaise. Zwiadowcy. Tom 16;John Flanagan;Jaguar;Warszawa 2024;Wydanie II;9788382665321;fantasy / młodzieżowe / przygodowe;NIEDOSTĘPNY;1;0
114;Wilki Arazan. Zwiadowcy. Księga 17;John Flanagan;Jaguar;Warszawa 2022;Wydanie I;9788382661866;fantasy / młodzieżowe / przygodowe;NIEDOSTĘPNY;1;0
115;Zasadzka w Sorato. Zwiadowcy. Księga 18;John Flanagan;Jaguar;Warszawa 2024;Wydanie I;9788392663068;fantasy / młodzieżowe / przygodowe;NIEDOSTĘPNY;1;0
116;Turniej w Gorlanie. Zwiadowcy. Wczesne Lata. Księga 1;John Flanagan;Jaguar;Warszawa 2015;Wydanie I;9788376864075;fantasy / młodzieżowe / przygodowe;DOSTĘPNY;1;1
117;Bitwa na wrzosowiskach. Zwiadowcy. Wczesne lata. Księga 2;John Flanagan;Jaguar;Warszawa 2016;Wydanie I;9788376865164;fantasy / młodzieżowe / przygodowe;NIEDOSTĘPNY;1;0
118;Wyrzutki. Drużyna. Tom 1;John Flanagan;Jaguar;Warszawa 2023;Wydanie I;9788382662580;fantasy / przygodowe;NIEDOSTĘPNY;1;0
119;Najeźdźcy. Drużyna. Tom 2;John Flanagan;Jaguar;Warszawa 2022;Wydanie II;9788382661927;fantasy / przygodowe;NIEDOSTĘPNY;1;0
120;Pościg. Drużyna. Tom 3;John Flanagan;Jaguar;Warszawa 2022;Wydanie I;9788382661279;fantasy / przygodowe;NIEDOSTĘPNY;1;0
121;Niewolnicy z Socorro. Drużyna. Tom 4;John Flanagan;Jaguar;Warszawa 2022;Wydanie I;9788382661286;fantasy / przygodowe;NIEDOSTĘPNY;1;0
122;Góra Skorpiona. Drużyna. Tom 5;John Flanagan;Jaguar;Warszawa 2022;Wydanie I;9788382661293;fantasy / przygodowe;NIEDOSTĘPNY;1;0
123;Nieznany ląd. Drużyna. Tom 6;John Flanagan;Jaguar;Warszawa 2016;Wydanie I;9788376864587;fantasy / przygodowe;NIEDOSTĘPNY;1;0
124;Kaldera. Drużyna. Tom 7;John Flanagan;Jaguar;Warszawa 2017;Wydanie I;9788376865607;fantasy / przygodowe;NIEDOSTĘPNY;1;0
125;Powrót Temudżeinów. Drużyna. Tom 8;John Flanagan;Jaguar;Warszawa 2019;Wydanie I;9788376867908;fantasy / przygodowe;NIEDOSTĘPNY;1;0
126;Morska pogoń. Drużyna. Tom 9;John Flanagan;Jaguar;Warszawa 2022;Wydanie I;9788382661118;fantasy / przygodowe;NIEDOSTĘPNY;1;0
127;Metro 2033;Dmitry Glukhovsky;Insignis;Kraków 2017;Wydanie IV;9788366071308;postapokaliptyczne / fantasy;DOSTĘPNY;1;1
128;Metro 2034;Dmitry Glukhovsky;Insignis;Kraków 2015;Wydanie II;9788366873810;postapokaliptyczne / fantasy;NIEDOSTĘPNY;1;0
129;Metro 2035;Dmitry Glukhovsky;Insignis;Kraków 2024;Wydanie III;9788368053968;postapokaliptyczne / fantasy;NIEDOSTĘPNY;1;0
130;Buntowniczka z pustyni;Alwyn Hamilton;Czwarta Strona;Poznań 2017;Wydanie I;9788379766611;fantasy / młodzieżowe;DOSTĘPNY;1;1
131;Duchy Rebelii;Alwyn Hamilton;Czwarta Strona;Poznań 2018;Wydanie I;9788379769162;fantasy / młodzieżowe;DOSTĘPNY;1;1
132;Zdrajca Tronu;Alwyn Hamilton;Czwarta Strona;Poznań 2018;Wydanie I;9788379767021;fantasy / młodzieżowe;DOSTĘPNY;1;1
133;Opowieści z piasku i morza;Alwyn Hamilton;Czwarta Strona;Poznań 2018;Wydanie I;9788379760909;fantasy / młodzieżowe;DOSTĘPNY;1;1
134;Te wiedźmy nie płoną;Isabel Sterling;WE NEED YA;Poznań 2020;Wydanie I;9788366517875;fantasy;DOSTĘPNY;1;1
135;Ten sabat nie upadnie;Isabel Sterling;WE NEED YA;Poznań 2021;Wydanie I;9788366657335;fantasy;DOSTĘPNY;1;1
136;Gołąb i wąż;Shelby Mahurin;WE NEED YA;Poznań 2020;Wydanie I;9788366517981;romantasy;DOSTĘPNY;1;1
137;Krew i miód;Shelby Mahurin;WE NEED YA;Poznań 2021;Wydanie I;9788366657373;romantasy;DOSTĘPNY;1;1
138;Bogowie i potwory;Shelby Mahurin;WE NEED YA;Poznań 2022;Wydanie I;9788367054621;romantasy;DOSTĘPNY;1;1
139;Okrutny Książę;Holly Black;Jaguar;Warszawa 2018;Wydanie I;9788376867243;fantasy;DOSTĘPNY;1;1
140;Zły Król;Holly Black;Jaguar;Warszawa 2019;Wydanie I;9788376867649;fantasy;DOSTĘPNY;1;1
141;Królowa Niczego;Holly Black;Jaguar;Warszawa 2020;Wydanie I;9788376868608;fantasy;DOSTĘPNY;1;1
142;Stróże;Jakub Ćwiek;SQN;Kraków 2018;Wydanie I;9788381291712;fantasy;DOSTĘPNY;1;1
143;Opowieść Podręcznej;Margaret Atwood;Wielka Litera;Warszawa 2020;Wydanie I;9788380324343;literatura piękna / dystopia;DOSTĘPNY;1;1
144;Mroczne wybrzeża;Danielle L. Jensen;Galeria Książki;Kraków 2022;Wydanie II;9788367071406;fantasy;DOSTĘPNY;1;1
145;Mroczne niebo. Mroczne Wybrzeża. Tom 2;Danielle L. Jensen;Galeria Książki;Kraków 2020;Wydanie I;9788366173637;fantasy;NIEDOSTĘPNY;1;0
146;Pozłacany wąż. Mroczne Wybrzeża. Tom 3;Danielle L. Jensen;Galeria Książki;Kraków 2021;Wydanie I;9788366173941;fantasy;NIEDOSTĘPNY;1;0
147;Spalona ziemia. Mroczne Wybrzeża. Tom 4;Danielle L. Jensen;Galeria Książki;Kraków 2026;Wydanie I;9788368181395;fantasy;NIEDOSTĘPNY;1;0
148;Królestwo mostu;Danielle L. Jensen;Galeria Książki;Kraków 2020;Wydanie I;9788365534996;fantasy / romantasy / młodzieżowe;DOSTĘPNY;1;1
149;Zdradziecka królowa. Królestwo Mostu. Tom 2;Danielle L. Jensen;Galeria Książki;Kraków 2020;Wydanie I;9788366173491;fantasy / romantasy / młodzieżowe;DOSTĘPNY;1;1
150;Niechciany następca. Królestwo Mostu. Tom 3;Danielle L. Jensen;Galeria Książki;Kraków 2022;Wydanie I;9788367071253;fantasy / romantasy / młodzieżowe;NIEDOSTĘPNY;1;0
151;Wieczna wojna. Królestwo Mostu. Tom 4;Danielle L. Jensen;Galeria Książki;Kraków 2023;Wydanie I;9788367071888;fantasy / romantasy / młodzieżowe;NIEDOSTĘPNY;1;0
152;Skręcony Tron. Królestwo Mostu. Tom 5;Danielle L. Jensen;Galeria Książki;Kraków 2025;Wydanie I;9788368181340;fantasy / romantasy / młodzieżowe;NIEDOSTĘPNY;1;0
153;Małe Kobietki;Louisa May Alcott;MG;Kraków 2020;Wydanie I;9788377795712;literatura piękna;DOSTĘPNY;1;1
154;Dobre Żony;Louisa May Alcott;MG;Kraków 2020;Wydanie I;9788377795972;literatura piękna;DOSTĘPNY;1;1
155;Mali mężczyźni;Louisa May Alcott;MG;Kraków 2020;Wydanie I;9788377796290;literatura piękna;NIEDOSTĘPNY;1;0
156;Chłopcy Jo;Louisa May Alcott;MG;Kraków 2020;Wydanie I;9788377796450;literatura piękna;NIEDOSTĘPNY;1;0
157;These violent delights;Chloe Gong;Jaguar;Kraków 2022;Wydanie I;9788382660692;fantasy;DOSTĘPNY;1;1
158;Our violent ends;Chloe Gong;Jaguar;Kraków 2022;Wydanie I;9788382661477;fantasy;NIEDOSTĘPNY;1;0
159;Ostatnie życzenie. Wiedźmin. Tom 1;Andrzej Sapkowski;SuperNOWA;Warszawa 2014;Wydanie I;9788375780635;fantasy;NIEDOSTĘPNY;1;0
160;Miecz przeznaczenia. Wiedźmin. Tom 2;Andrzej Sapkowski;SuperNOWA;Warszawa 2014;Wydanie I;9788375780642;fantasy;NIEDOSTĘPNY;1;0
161;Krew elfów. Wiedźmin. Tom 3;Andrzej Sapkowski;SuperNOWA;Warszawa 2014;Wydanie I;9788375780659;fantasy;NIEDOSTĘPNY;1;0
162;Czas pogardy. Wiedźmin. Tom 4;Andrzej Sapkowski;SuperNOWA;Warszawa 2014;Wydanie I;9788375780666;fantasy;NIEDOSTĘPNY;1;0
163;Chrzest ognia. Wiedźmin. Tom 5;Andrzej Sapkowski;SuperNOWA;Warszawa 2014;Wydanie I;9788375780673;fantasy;NIEDOSTĘPNY;1;0
164;Wieża jaskółki. Wiedźmin. Tom 6;Andrzej Sapkowski;SuperNOWA;Warszawa 2014;Wydanie I;9788375780680;fantasy;NIEDOSTĘPNY;1;0
165;Pani Jeziora. Wiedźmin. Tom 7;Andrzej Sapkowski;SuperNOWA;Warszawa 2014;Wydanie I;9788375780697;fantasy;NIEDOSTĘPNY;1;0
166;Sezon burz. Wiedźmin. Tom 8;Andrzej Sapkowski;SuperNOWA;Warszawa 2016;Wydanie I;9788375780598;fantasy;NIEDOSTĘPNY;1;0
167;Wiedźmin. Rozdroże kruków;Andrzej Sapkowski;SuperNOWA;Warszawa 2024;Wydanie I;9788375782073;fantasy;NIEDOSTĘPNY;1;0
168;Maladie i inne opowiadania;Andrzej Sapkowski;SuperNOWA;Warszawa 2012;Wydanie I;9788375780468;fantasy;DOSTĘPNY;1;1
169;Renesans;Oliver Bowden;Insignis;Kraków 2010;Wydanie I;9788361428329;fantasy;DOSTĘPNY;1;1
170;Bractwo;Oliver Bowden;Insignis;Kraków 2011;Wydanie I;9788361428374;fantasy;DOSTĘPNY;1;1
171;Objawienia;Oliver Bowden;Insignis;Kraków 2012;Wydanie I;9788361428879;fantasy;NIEDOSTĘPNY;1;0
172;Tajemna Krucjata;Oliver Bowden;Insignis;Kraków 2012;Wydanie I;9788361428701;fantasy;NIEDOSTĘPNY;1;0
173;Porzuceni;Oliver Bowden;Insignis;Kraków 2013;Wydanie I;9788363944148;fantasy;DOSTĘPNY;1;1
174;Czarna Bandera;Oliver Bowden;Insignis;Kraków 2017;Wydanie I;9788363944384;fantasy;DOSTĘPNY;1;1
175;Pojednanie;Oliver Bowden;Insignis;Kraków 2014;Wydanie I;9788363944704;fantasy;NIEDOSTĘPNY;1;0
176;Podziemie;Oliver Bowden;Insignis;Kraków 2014;Wydanie I;9788365315243;fantasy;DOSTĘPNY;1;1
177;Miasto kości. Dary Anioła;Cassandra Clare;Wydawnictwo MAG;Warszawa 2017;Wydanie V;9788374808927;fantasy / młodzieżowe;DOSTĘPNY;1;1
178;Miasto popiołów. Dary Anioła. Tom 2;Cassandra Clare;Wydawnictwo MAG;Warszawa 2017;Wydanie V;9788374808934;fantasy / młodzieżowe;DOSTĘPNY;1;1
179;Miasto szkła. Dary Anioła. Tom 3;Cassandra Clare;Wydawnictwo MAG;Warszawa 2017;Wydanie V;9788374808941;fantasy / młodzieżowe;DOSTĘPNY;1;1
180;Miasto upadłych aniołów. Dary Anioła. Tom 4;Cassandra Clare;Wydawnictwo MAG;Warszawa 2025;Wydanie IV;9788368591255;fantasy / młodzieżowe;NIEDOSTĘPNY;1;0
181;Miasto zagubionych dusz. Dary Anioła. Tom 5;Cassandra Clare;Wydawnictwo MAG;Warszawa 2025;Wydanie IV;9788368591262;fantasy / młodzieżowe;NIEDOSTĘPNY;1;0
182;Miasto niebiańskiego ognia. Dary anioła. Tom 6;Cassandra Clare;Wydawnictwo MAG;Warszawa 2025;Wydanie IV;9788368591279;fantasy / młodzieżowe;NIEDOSTĘPNY;1;0
183;Mechaniczny anioł. Diabelskie maszyny. Tom 1;Cassandra Clare;Wydawnictwo MAG;Warszawa 2023;Wydanie IV;9788367793193;fantasy / młodzieżowe;NIEDOSTĘPNY;1;0
184;Mechaniczny książę. Diabelskie Maszyny. Tom 2;Cassandra Clare;Wydawnictwo MAG;Warszawa 2023;Wydanie III;9788367793322;fantasy / młodzieżowe;NIEDOSTĘPNY;1;0
185;Mechaniczna księżniczka. Diabelskie Maszyny. Tom 3;Cassandra Clare;Wydawnictwo MAG;Warszawa 2021;Wydanie III;9788366712430;fantasy / młodzieżowe;NIEDOSTĘPNY;1;0
186;Pani noc. Mroczne intrygi. Tom 1;Cassandra Clare;Wydawnictwo MAG;Warszawa 2022;Wydanie II;9788367353007;fantasy / młodzieżowe;NIEDOSTĘPNY;1;0
187;Władca cieni. Mroczne intrygi. Tom 2;Cassandra Clare;Wydawnictwo MAG;Warszawa 2022;Wydanie II;9788367353014;fantasy / młodzieżowe;NIEDOSTĘPNY;1;0
188;Królowa Mroku i Powietrza. Mroczne intrygi. Tom 3;Cassandra Clare;Wydawnictwo MAG;Warszawa 2022;Wydanie II;9788367353021;fantasy / młodzieżowe;NIEDOSTĘPNY;1;0
189;Siedmiu mężów Evelyn Hugo;Taylor Jenkins Reid;Czwarta Strona;Poznań 2019;Wydanie I;9788366278370;obyczajowe / romans;DOSTĘPNY;1;1
190;Wojna Makowa;Rebecca F. Kuang;Fabryka Słów;Lublin 2020;Wydanie I;9788379645282;fantasy;DOSTĘPNY;1;1
191;Republika Smoka. Wojny Makowe. Tom 2;Rebecca F. Kuang;Fabryka Słów;Lublin 2020;Wydanie I;9788379645923;fantasy;DOSTĘPNY;1;1
192;Płonący Bóg. Wojny Makowe. Tom 3;Rebecca F. Kuang;Fabryka Słów;Lublin 2021;Wydanie I;9788379646470;fantasy;DOSTĘPNY;1;1
193;Babel;Rebecca F. Kuang;Fabryka Słów;Lublin 2023;Wydanie I;9788379648634;fantasy;DOSTĘPNY;1;1
194;Katabaza;Rebecca F. Kuang;Fabryka Słów;Lublin 2025;Wydanie I;9788383750484;fantasy;DOSTĘPNY;1;1
195;Miasto duchów;V. E. Schwab;Zygzaki;Poznań 2021;Wydanie I;9788366736054;młodzieżowe / dziecięce;DOSTĘPNY;1;1
196;Mroczniejszy odcień magii. Odcienie magii. Tom 1;V. E. Schwab;Zysk i S-ka;Poznań 2016;Wydanie I;9788365521156;fantasy;DOSTĘPNY;1;1
197;Zgromadzenie cieni. Odcienie magii. Tom 2;V. E. Schwab;Zysk i S-ka;Poznań 2017;Wydanie I;9788381160681;fantasy;DOSTĘPNY;1;1
198;Wyczarowanie światła. Odcienie magii. Tom 3;V. E. Schwab;Zysk i S-ka;Poznań 2018;Wydanie II;9788381163552;fantasy;NIEDOSTĘPNY;1;0
199;Vicious. Nikczemni;V. E. Schwab;WE NEED YA;Poznań 2019;Wydanie I;9788379761814;fantasy;DOSTĘPNY;1;1
200;Vengeful. Mściwi;V. E. Schwab;WE NEED YA;Poznań 2020;Wydanie I;9788366431683;fantasy;DOSTĘPNY;1;1
201;Zakon Drzewa Pomarańczy część 1;Samantha Shannon;SQN;Kraków 2022;Wydanie II;9788382107647;fantasy;DOSTĘPNY;1;1
202;Zakon Drzewa Pomarańczy część 2;Samantha Shannon;SQN;Kraków 2019;Wydanie I;9788381296281;fantasy;DOSTĘPNY;1;1
203;Dzień nastania nocy. Część 1;Samantha Shannon;SQN;Kraków 2023;Wydanie I;9788382109627;fantasy;DOSTĘPNY;1;1
204;Dzień nastania nocy. Część 2;Samantha Shannon;SQN;Kraków 2023;Wydanie I;9788382109658;fantasy;DOSTĘPNY;1;1
205;Wśród płonących kwiatów;Samantha Shannon;SQN;Kraków 2025;Wydanie I;9788384064245;fantasy;DOSTĘPNY;1;1
206;Czas żniw;Samantha Shannon;SQN;Kraków 2022;Wydanie IV;9788382109481;fantasy;DOSTĘPNY;1;1
207;Zakon Mimów. Czas żniw. Tom 2;Samantha Shannon;SQN;Krakó 2021;Wydanie II;9788382103465;fantasy;DOSTĘPNY;1;1
208;Pieśń jutra. Czas żniw. Tom 3;Samantha Shannon;SQN;Kraków 2022;Wydanie IV;9788382108132;fantasy;DOSTĘPNY;1;1
209;Koniec maskarady. Czas żniw. Tom 4;Samantha Shannon;SQN;Kraków 2021;Wydanie I;9788381298001;fantasy;DOSTĘPNY;1;1
210;Mroczne lustro. Czas żniw. Tom 5;Samantha Shannon;SQN;Kraków 2025;Wydanie I;9788383308876;fantasy;NIEDOSTĘPNY;1;0
211;Mitologia słowiańska;Jakub Bobrowski, Mateusz Wrona;BoSz;Lesko 2022;Wydanie II;9788375766325;mitologia;DOSTĘPNY;1;1
212;Wampirze cesarstwo;Jay Kristoff;Wydawnictwo MAG;Warszawa 2021;Wydanie II;9788367023139;dark fantasy;DOSTĘPNY;1;1
213;Cesarstwo potępionych. Wampirze cesartwo. Tom 2;Jay Kristoff;Wydawnictwo MAG;Warszawa 2024;Wydanie II;9788368069037;dark fantasy;DOSTĘPNY;1;1
214;Cesarstwo świtu. Wampirze Cesarstwo. Tom 3;Jay Kristoff;Wydawnictwo MAG;Warszawa 2026;Wydanie I;9788368591446;dark fantasy;DOSTĘPNY;1;1
215;Nibynoc;Jay Kristoff;Wydawnictwo MAG;Warszawa 2023;Wydanie III;9788367793087;fantasy;DOSTĘPNY;1;1
216;Bożogrobie. Nibynoc. Tom 2;Jay Kristoff;Wydawnictwo MAG;Warszawa 2018;Wydanie I;9788374809108;fantasy;DOSTĘPNY;1;1
217;Bezświt. Nibynoc. Tom 3;Jay Kristoff;Wydawnictwo MAG;Warszawa 2020;Wydanie I;9788366409125;fantasy;DOSTĘPNY;1;1
218;Tancerze burzy. Wojna lotosowa. Tom 1;Jay Kristoff;Wydawnictwo MAG;Warszawa 2023;Wydanie III;9788383185385;fantasy;DOSTĘPNY;1;1
219;Bratobójca. Wojna lotosowa. Tom 2;Jay Kristoff;Wydawnictwo MAG;Warszawa 2023;Wydanie II;9788383185392;fantasy;DOSTĘPNY;1;1
220;Głosząca kres. Wojna lotosowa. Tom 3;Jay Kristoff;Wydawnictwo MAG;Warszawa 2023;Wydanie II;9788383185408;fantasy;DOSTĘPNY;1;1
221;Illuminae;Jay Kristoff, Amie Kaufman;Wydawnictwo Vesper;Czerwonak 2025;Wydanie I;9788384080399;fantasy;DOSTĘPNY;1;1
222;Gemina_Folder_2. Illuminae. Tom 2;Jay Kristoff, Amie Kaufman;Wydawnictwo Vesper;Czerwonak 2025;Wydanie I;9788384081471;fantasy;DOSTĘPNY;1;1
223;Szeptucha;Katarzyna Berenika Miszczuk;Wydawnictwo WAB;Warszawa 2016;Wydanie I;9788328026629;fantasy / ezoteryka / mitologia;DOSTĘPNY;1;1
224;Noc Kupały;Katarzyna Berenika Miszczuk;Wydawnictwo WAB;Warszawa 2016;Wydanie I;9788328036871;fantasy / ezoteryka / mitologia;DOSTĘPNY;1;1
225;Żerca;Katarzyna Berenika Miszczuk;Wydawnictwo WAB;Warszawa 2017;Wydanie I;9788328044630;fantasy / ezoteryka / mitologia;DOSTĘPNY;1;1
226;Przesilenie;Katarzyna Berenika Miszczuk;Wydawnictwo WAB;Warszawa 2018;Wydanie I;9788328053663;fantasy / ezoteryka / mitologia;DOSTĘPNY;1;1
227;Jaga;Katarzyna Berenika Miszczuk;Wydawnictwo WAB;Warszawa 2019;Wydanie I;9788328066335;fantasy / ezoteryka / mitologia;DOSTĘPNY;1;1
228;Gniewa;Katarzyna Berenika Miszczuk;Mięta;Warszawa 2022;Wydanie I;9788396458292;fantasy / ezoteryka / mitologia;NIEDOSTĘPNY;1;0
229;Mszczuj;Katarzyna Berenika Miszczuk;Mięta;Warszawa 2024;Wydanie I;9788367690515;fantasy / ezoteryka / mitologia;NIEDOSTĘPNY;1;0
230;Swarożyc;Katarzyna Berenika Miszczuk;Mięta;Warszawa 2025;Wydanie I;9788368371475;fantasy / ezoteryka / mitologia;NIEDOSTĘPNY;1;0
231;Igrzyska Śmierci;Suzanne Collins;Media Rodzina;Poznań 2022;Wydanie III;9788382652451;młodzieżowe / science-fiction / dystopia;NIEDOSTĘPNY;1;0
232;W pierścieniu ognia. Igrzyska śmierci. Tom 2;Suzanne Collins;Media Rodzina;Poznań 2023;Wydanie I;9788382655346;młodzieżowe / science-fiction / dystopia;NIEDOSTĘPNY;1;0
233;Kosogłos. Igrzyska śmierci. Tom 3;Suzanne Collins;Media Rodzina;Poznań 2023;Wydanie I;9788382655339;młodzieżowe / science-fiction / dystopia;NIEDOSTĘPNY;1;0
234;Ballada ptaków i węży;Suzanne Collins;Must read;Poznań 2023;Wydanie II;9788382655643;młodzieżowe / science-fiction / dystopia;DOSTĘPNY;1;1
235;Wschód słońca w dniu dożynek;Suzanne Collins;Must read;Poznań 2025;Wydanie I;9788368242010;młodzieżowe / science-fiction / dystopia;NIEDOSTĘPNY;1;0
236;Szamanka od umarlaków;Martyna Raduchowska;Uroboros;Warszawa 2017;Wydanie II;9788328045231;urban fantasy;DOSTĘPNY;1;1
237;Demon Luster. Szamanka od umarlaków. Tom 2;Martyna Raduchowska;Uroboros;Warszawa 2018;Wydanie II;9788328052093;urban fantasy;NIEDOSTĘPNY;1;0
238;Fałszywy Pieśniarz. Szamanka od umarlaków. Tom 3;Martyna Raduchowska;Uroboros;Warszawa 2019;Wydanie II;9788328071445;urban fantasy;NIEDOSTĘPNY;1;0
239;Żółte ślepia;Marcin Mortka;Uroboros;Warszawa 2020;Wydanie I;9788328045149;fantasy / historyczne;DOSTĘPNY;1;1
240;Katia. Cmentarne love story;Aneta Jadowska;SQN;Kraków 2023;Wydanie I;9788383303680;fantasy;DOSTĘPNY;1;1
241;Złodziej dusz. Heksalogia o Dorze Wilk. Tom 1;Aneta Jadowska;SQN;Kraków 2020;Wydanie I;9788381297110;fantasy;DOSTĘPNY;1;1
242;Bogowie muszą być szaleni. Heksalogia o Dorze Wilk. Tom 2;Aneta Jadowska;SQN;Kraków 2020;Wydanie I;9788381297141;fantasy;DOSTĘPNY;1;1
243;Zwycięzca bierze wszystko. Heksalogia o Dorze Wilk. Tom 3;Aneta Jadowska;SQN;Kraków 2020;Wydanie I;9788381297172;fantasy;DOSTĘPNY;1;1
244;Wszystko zostaje w rodzinie. Heksalogia o Dorze Wilk. Tom 4;Aneta Jadowska;SQN;Kraków 2020;Wydanie I;9788381297202;fantasy;DOSTĘPNY;1;1
245;Egzorcyzmy Dory Wilk. Heksalogia o Dorze Wilk. Tom 5;Aneta Jadowska;SQN;Kraków 2020;Wydanie I;9788381297233;fantasy;DOSTĘPNY;1;1
246;Na wojnie nie ma niewinnych.  Heksalogia o Dorze Wilk. Tom 6;Aneta Jadowska;SQN;Kraków 2020;Wydanie I;9788381297264;fantasy;DOSTĘPNY;1;1
247;Kosiarze. Żniwa Śmierci. Tom 1;Neil Shusterman;Uroboros;Warszawa 2023;Wydanie I;9788383183756;fantasy;DOSTĘPNY;1;1
248;Thunderhead. Żniwa śmierci. Tom 2;Neil Shusterman;Uroboros;Warszawa 2023;Wydanie I;9788383184784;fantasy;NIEDOSTĘPNY;1;0
249;Żniwo. Żniwa śmierci. Tom 3;Neil Shusterman;Uroboros;Warszawa 2023;Wydanie I;9788383187983;fantasy;NIEDOSTĘPNY;1;0
250;Pokłosie. Opowieści z Kosodomu. Żniwa śmierci. Tom 3,5;Neil Shusterman;Uroboros;Warszawa 2023;Wydanie I;9788383193885;fantasy;NIEDOSTĘPNY;1;0
251;Nagle Trup;Marta Kisiel;Mięta;Warszawa 2022;Wydanie I;9788396458209;komedia kryminalna;DOSTĘPNY;1;1
252;Wtem Denat;Marta Kisiel;Mięta;Warszawa 2023;Wydanie I;9788367690423;komedia kryminalna;DOSTĘPNY;1;1
253;Mroczna wiedza. Scholomance. Lekcja pierwsza;Naomi Novik;Rebis;Poznań 2020;Wydanie I;9788381886475;fantasy;DOSTĘPNY;1;1
254;Ostatni absolwent. Scholomance. Lekcja druga;Naomi Novik;Rebis;Poznań 2022;Wydanie I;9788381884709;fantasy;NIEDOSTĘPNY;1;0
255;Złote enklawy. Scholomance. Lekcja trzecia;Naomi Novik;Rebis;Poznań 2023;Wydanie I;9788381886857;fantasy;NIEDOSTĘPNY;1;0
256;Ziemiomorze;Ursula K. Le Guin;Prószyński i S-ka;Warszawa 2024;Wydanie I;9788383523880;fantasy;DOSTĘPNY;1;1
257;Droga królów. Archiwum burzowego światła. Tom 1;Brandon Sanderson;Wydawnictwo MAG;Warszawa 2023;Wydanie VI;9788367793230;fantasy;DOSTĘPNY;1;1
258;Słowa Światłości. Archiwum burzowego światła. Tom 2;Brandon Sanderson;Wydawnictwo MAG;Warszawa 2022;Wydanie VIII;9788367353083;fantasy;DOSTĘPNY;1;1
259;Dawca przysięgi. Archiwum burzowego światła. Tom 3. Część 1;Brandon Sanderson;Wydawnictwo MAG;Warszawa 2020;Wydanie II;9788367353342;fantasy;NIEDOSTĘPNY;1;0
260;Dawca przysięgi. Archiwum burzowego światła. Tom 3. Część 2;Brandon Sanderson;Wydawnictwo MAG;Warszawa 2020;Wydanie II;9788366409545;fantasy;NIEDOSTĘPNY;1;0
261;Rytm Wojny. Archiwum burzowego światła. Tom 4. Część 1;Brandon Sanderson;Wydawnictwo MAG;Warszawa 2024;Wydanie III;9788368240337;fantasy;NIEDOSTĘPNY;1;0
262;Rytm Wojny. Archiwum burzowego światła. Tom 4. Część 2;Brandon Sanderson;Wydawnictwo MAG;Warszawa 2024;Wydanie IV;9788368240344;fantasy;NIEDOSTĘPNY;1;0
263;Wiatr i Prawda. Archiwum burzowego światła. Tom 5. Część 1;Brandon Sanderson;Wydawnictwo MAG;Warszawa 2025;Wydanie I;9788368240481;fantasy;NIEDOSTĘPNY;1;0
264;Wiatr i prawda. Archiwum burzowego światła. Tom 5.2;Brandon Sanderson;Wydawnictwo MAG;Warszawa 2025;Wydanie I;9788368240535;fantasy;NIEDOSTĘPNY;1;0
265;Gra o tron. Pieśń Lodu i Ognia. Tom 1;George R. R. Martin;Zysk i S-ka;Poznań 2024;Wydanie VIII;9788383351902;fantasy;NIEDOSTĘPNY;1;0
266;Starcie królów. Pieśń lodu i ognia. Tom 2;George R. R. Martin;Zysk i S-ka;Poznań 2024;Wydanie IV;9788383353081;fantasy;NIEDOSTĘPNY;1;0
267;Nawałnica mieczy: Stal i śnieg.  Pieśń lodu i ognia. Tom 3.1;George R. R. Martin;Zysk i S-ka;Poznań 2024;Wydanie I;9788383353241;fantasy;NIEDOSTĘPNY;1;0
268;Nawałnica mieczy. Krew i złoto. Pieśń lodu i ognia. Tom 3.2;George R. R. Martin;Zysk i S-ka;Poznań 2026;Wydanie VI;9788383358154;fantasy;NIEDOSTĘPNY;1;0
269;Uczta dla wron. Cienie śmierci. Pieśń Lodu i Ognia. Tom 4.1;George R. R. Martin;Zysk i S-ka;Poznań 2024;Wydanie I;9788383353920;fantasy;NIEDOSTĘPNY;1;0
270;Uczta dla wron. Sieć spisków. Pieśń Lodu i Ognia. Tom 4.2;George R. R. Martin;Zysk i S-ka;Poznań 2025;Wydanie IV;9788383355252;fantasy;NIEDOSTĘPNY;1;0
271;Taniec ze smokami: Marzenia i pył. Część 1. Pieśń Lodu i Ognia. Tom 5;George R. R. Martin;Zysk i S-ka;Poznań 2026;Wydanie II;9788383356525;fantasy;NIEDOSTĘPNY;1;0
272;Taniec ze smokami. Część 2. Pieśń Lodu i Ognia. Tom 5;George R. R. Martin;Zysk i S-ka;Poznań 2024;Wydanie I;9788383353548;fantasy;NIEDOSTĘPNY;1;0
273;Ogień i krew. Część 1;George R. R. Martin;Zysk i S-ka;Poznań 2022;Wydanie II;9788382028157;fantasy;DOSTĘPNY;1;1
274;Ogień i krew. Część 2;George R. R. Martin;Zysk i S-ka;Poznań 2022;Wydanie II;9788382028829;fantasy;DOSTĘPNY;1;1
275;Świat lodu i ognia;George R. R. Martin;Czwarta Strona;Poznań 2023;wydanie II;9788367616010;fantasy;DOSTĘPNY;1;1
276;Panowanie smoka;George R. R. Martin;Zysk i S-ka;Poznań 2022;Wydanie I;9788382027327;fantasy;DOSTĘPNY;1;1
277;Diuna. Kroniki Diuny. Tom 1;Frank Herbert;Rebis;Poznań 2024;Wydanie III;9788381884105;fantasy;DOSTĘPNY;1;1
278;Mesjasz Diuny. Kroniki Diuny. Tom 2;Frank Herbert;Rebis;Poznań 2020;Wydanie IV;9788381884112;fantasy;NIEDOSTĘPNY;1;0
279;Dzieci Diuny. Kroniki Diuny. Tom 3;Frank Herbert;Rebis;Poznań 2022;Wydanie III;9788381884747;fantasy;NIEDOSTĘPNY;1;0
280;Bóg Imperator Diuny. Kroniki Diuny. Tom 4;Frank Herbert;Rebis;Poznań 2020;Wydanie IV;9788381884754;fantasy;NIEDOSTĘPNY;1;0
281;Heretycy Diuny. Kroniki Diuny. Tom 5;Frank Herbert;Rebis;Poznań 2020;Wydanie IV;9788381884761;fantasy;NIEDOSTĘPNY;1;0
282;Kapitularz Diuną. Kroniki Diuny. Tom 6;Frank Herbert;Rebis;Poznań 2020;Wydanie IV;9788381884778;fantasy;NIEDOSTĘPNY;1;0
283;Bractwo pierścienia. Władca Pierścieni. Tom 1;J. R. R. Tolkien;Zysk i S-ka;Poznań 2025;Wydanie IV;9788383357300;przygodowe / high fantasy;NIEDOSTĘPNY;1;0
284;Dwie wieże. Władca pierścieni. Tom 2;J. R. R. Tolkien;Zysk i S-ka;Poznań 2025;Wydanie IV;9788383357607;przygodowe / high fantasy;NIEDOSTĘPNY;1;0
285;Powrót króla. Władca Pierścieni. Tom 3;J. R. R. Tolkien;Zysk i S-ka;Poznań 2023;Wydanie III;9788383351124;przygodowe / high fantasy;NIEDOSTĘPNY;1;0
286;Hobbit czyli tam i z powrotem;J. R. R. Tolkien;Iskry;Warszawa 2022;Wydanie II;9788324410996;fantasy;NIEDOSTĘPNY;1;0
287;Pieśń o Achillesie;Madeline Miller;Albatros;Warszawa 2022;Wydanie III;9788382159868;mitologia / literatura piękna;DOSTĘPNY;1;1
288;Kirke;Madeline Miller;Albatros;Warszawa 2025;Wydanie V;9788382158472;mitologia / literatura piękna;DOSTĘPNY;1;1
289;Five Broken Blades. Pięć Pękniętych Ostrzy;Mai Corland;Jaguar;Warszawa 2024;Wydanie I;9788382663921;fantasy;DOSTĘPNY;1;1
290;Four Ruined Realms. Cztery Stracone Królestwa;Mai Corland;Jaguar;Warszawa 2025;Wydanie I;9788368383263;fantasy;DOSTĘPNY;1;1
291;Three Shattered Souls. Trzy Udręczone Dusze;Mai Corland;Jaguar;Warszawa 2026;Wydanie I;9788368592306;fantasy;DOSTĘPNY;1;1
292;Córka niczyich światów. Wojna straconych serc. Tom 1;Carissa Broadbent;Filia;Poznań 2024;Wydanie I;9788383576114;fantasy / romantasy;DOSTĘPNY;1;1
293;Dzieci upadłych bogów. Wojna straconych serc. Tom 2;Carissa Broadbent;Filia;Poznań 2025;Wydanie I;9788383579863;fantasy / romantasy;DOSTĘPNY;1;1
294;Matka śmierci i świtu. Wojna straconych serc. Tom 3;Carissa Broadbent;Filia;Poznań 2026;Wydanie I;9788384410387;fantasy / romantasy;DOSTĘPNY;1;1
295;Czerwona Królowa;Victoria Aveyard;Wydawnictwo MAG;Warszawa 2025;Wydanie I;9788368240238;młodzieżowe / fantasy;DOSTĘPNY;1;1
296;Szklany Miecz;Victoria Aveyard;Wydawnictwo MAG;Warszawa 2025;Wydanie I;9788368240597;młodzieżowe / fantasy;DOSTĘPNY;1;1
297;Szlajfki. Helena Wiktpria. Tom 1;Katarzyna Witerscheim;Studio JG;Warszawa 2018;Wydanie I;9788380013612;komiks / obyczajowe / historyczne;DOSTĘPNY;1;1
298;Kusiki. Helena Wiktoria. Tom 2;Katarzyna Witerscheim;Studio JG;Warszawa 2020;Wydanie I;9788380016361;komiks / obyczajowe / historyczne;DOSTĘPNY;1;1
299;Ymocje. Helena Wiktoria. Tom 3;Katarzyna Witerscheim;Studio JG;Warszawa 2024;Wydanie I;9788382574760;komiks / obyczajowe / historyczne;DOSTĘPNY;1;1
300;Hanako. Duch ze szkolnej toalety. Tom 1;AidaIro;Studio JG;Warszawa 2020;Wydanie I;9788380016354;komiks / fantasy / przygodowe / komedia;DOSTĘPNY;1;1
301;Hanako. Duch ze szkolnej toalety. Tom 2;AidaIro;Studio JG;Warszawa 2020;wydanie I;9788380016736;komiks / fantasy / przygodowe / komedia;DOSTĘPNY;1;1
302;Hanako. Duch ze szkolnej toalety. Tom 3;AidaIro;Studio JG;Warszawa 2021;Wydanie I;9788380016958;komiks / fantasy / przygodowe / komedia;DOSTĘPNY;1;1
303;Hanako. Duch ze szkolnej toalety. Tom 4;AidaIro;Studio JG;Warszawa 2021;Wydanie I;9788380017238;komiks / fantasy / przygodowe / komedia;DOSTĘPNY;1;1
304;Hanako. Duch ze szkolnej toalety. Tom 5;AidaIro;Studio JG;Warszawa 2021;Wydanie I;9788380017481;komiks / fantasy / przygodowe / komedia;DOSTĘPNY;1;1
305;Hanako. Duch ze szkolnej toalety. Tom 6;AidaIro;Studio JG;Warszawa 2021;Wydanie I;9788380017795;komiks / fantasy / przygodowe / komedia;DOSTĘPNY;1;1
306;Hanako. Duch ze szkolnej toalety. Tom 7;AidaIro;Studio JG;Warszawa 2021;Wydanie I;9788380018112;komiks / fantasy / przygodowe / komedia;DOSTĘPNY;1;1
307;Hanako. Duch ze szkolnej toalety. Tom 8;AidaIro;Studio JG;Warszawa 2022;Wydanie I;9788380018631;komiks / fantasy / przygodowe / komediakomiks / fantasy / przygodowe / komedia;DOSTĘPNY;1;1
308;Hanako. Duch ze szkolnej toalety. Tom 9;AidaIro;Studio JG;Warszawa 2022;Wydanie I;9788380019089;komiks / fantasy / przygodowe / komedia;DOSTĘPNY;1;1
309;Hanako. Duch ze szkolnej toalety. Tom 10;AidaIro;Studio JG;Warszawa 2022;Wydanie I;9788380019478;komiks / fantasy / przygodowe / komedia;DOSTĘPNY;1;1
310;Hanako. Duch ze szkolnej toalety. Tom 11;AidaIro;Studio JG;Warszawa 2022;Wydanie I;9788382570311;komiks / fantasy / przygodowe / komedia;DOSTĘPNY;1;1
311;Hanako. Duch ze szkolnej toalety. Tom 12;AidaIro;Studio JG;Warszawa 2023;Wydanie I;9788382570861;komiks / fantasy / przygodowe / komedia;DOSTĘPNY;1;1
312;Hanako. Duch ze szkolnej toalety. Tom 13;AidaIro;Studio JG;Warszawa 2023;Wydanie I;9788382571509;komiks / fantasy / przygodowe / komedia;DOSTĘPNY;1;1
313;Hanako. Duch ze szkolnej toalety. Tom 14;AidaIro;Studio JG;Warszawa 2023;Wydanie I;9788382571950;komiks / fantasy / przygodowe / komedia;DOSTĘPNY;1;1
314;Hanako. Duch ze szkolnej toalety. Tom 15;AidaIro;Studio JG;Warszawa 2023;Wydanie I;9788382572384;komiks / fantasy / przygodowe / komedia;DOSTĘPNY;1;1
315;Hanako. Duch ze szkolnej toalety. Tom 16;AidaIro;Studio JG;Warszawa 2023;Wydanie I;9788382573084;komiks / fantasy / przygodowe / komedia;DOSTĘPNY;1;1
316;Hanako. Duch ze szkolnej toalety. Tom 17;AidaIro;Studio JG;Warszawa 2024;Wydanie I;9788382573619;komiks / fantasy / przygodowe / komedia;DOSTĘPNY;1;1
317;Hanako. Duch ze szkolnej toalety. Tom 18;AidaIro;Studio JG;Warszawa 2024;Wydanie I;9788382573992;komiks / fantasy / przygodowe / komedia;DOSTĘPNY;1;1
318;Hanako. Duch ze szkolnej toalety. Tom 19;AidaIro;Studio JG;Warszawa 2024;Wydanie I;9788382574562;komiks / fantasy / przygodowe / komedia;DOSTĘPNY;1;1
319;Hanako. Duch ze szkolnej toalety. Tom 20;AidaIro;Studio JG;Warszawa 2024;Wydanie I;9788382576108;komiks / fantasy / przygodowe / komedia;DOSTĘPNY;1;1
320;Hanako. Duch ze szkolnej toalety. Tom 21;AidaIro;Studio JG;Warszawa 2025;Wydanie I;9788382576115;komiks / fantasy / przygodowe / komedia;DOSTĘPNY;1;1
321;Hanako. Duch ze szkolnej toalety. Tom 22;AidaIro;Studio JG;Warszawa 2025;Wydanie I;9788382577365;komiks / fantasy / przygodowe / komedia;DOSTĘPNY;1;1
322;Hanako. Duch ze szkolnej toalety. Tom 23;AidaIro;Studio JG;Warszawa 2025;Wydanie I;9788382578485;komiks / fantasy / przygodowe / komedia;DOSTĘPNY;1;1
323;Hanako. Duch ze szkolnej toalety. Tom 24;AidaIro;Studio JG;Warszawa 2026;Wydanie I;9788382579093;komiks / fantasy / przygodowe / komedia;DOSTĘPNY;1;1
324;Atak Tytanów. Bez żalu. Tom 1;Hajime Isayama;JPF;Szczecin 2015;Wydanie I;9788374714488;komiks / dark fantasy / postapokaliptyczne;DOSTĘPNY;1;1
325;Atak Tytanów. Bez żalu. Tom 2;Hajime Isayama;JPF;Szczecin 2015;Wydanie I;9788374714495;komiks / dark fantasy / postapokaliptyczne;DOSTĘPNY;1;1
326;Projekt: Cosplay. Tom 1;Shinichi Fukuda;Studio JG;Warszawa 2021;Wydanie I;9788380017191;komiks / romans / komedia / obyczajowe;DOSTĘPNY;1;1
327;Projekt: Cosplay. Tom 2;Shinichi Fukuda;Studio JG;Warszawa 2021;Wydanie I;9788380017634;komiks / romans / komedia / obyczajowe;DOSTĘPNY;1;1
328;Projekt: Cosplay. Tom 3;Shinichi Fukuda;Studio JG;Warszawa 2021;Wydanie I;9788380018280;komiks / romans / komedia / obyczajowe;DOSTĘPNY;1;1
329;Projekt: Cosplay. Tom 4;Shinichi Fukuda;Studio JG;Warszawa 2022;Wydanie I;9788380018785;komiks / romans / komedia / obyczajowe;DOSTĘPNY;1;1
330;Projekt: Cosplay. Tom 5;Shinichi Fukuda;Studio JG;Warszawa 2022;Wydanie I;9788380019232;komiks / romans / komedia / obyczajowe;DOSTĘPNY;1;1
331;Projekt: Cosplay. Tom 6;Shinichi Fukuda;Studio JG;Warszawa 2022;Wydanie I;9788380019942;komiks / romans / komedia / obyczajowe;DOSTĘPNY;1;1
332;Projekt: Cosplay. Tom 7;Shinichi Fukuda;Studio JG;Warszawa 2022;Wydanie I;9788382570090;komiks / romans / komedia / obyczajowe;DOSTĘPNY;1;1
333;Projekt: Cosplay. Tom 8;Shinichi Fukuda;Studio JG;Warszawa 2022;Wydanie I;9788382570359;komiks / romans / komedia / obyczajowe;DOSTĘPNY;1;1
334;Projekt: Cosplay. Tom 9;Shinichi Fukuda;Studio JG;Warszawa 2023;Wydanie I;9788382571141;komiks / romans / komedia / obyczajowe;DOSTĘPNY;1;1
335;Projekt: Cosplay. Tom 10;Shinichi Fukuda;Studio JG;Warszawa 2023;Wydanie I;9788382571806;komiks / romans / komedia / obyczajowe;DOSTĘPNY;1;1
336;Projekt: Cosplay. Tom 11;Shinichi Fukuda;Studio JG;Warszawa 2024;Wydanie I;9788382573855;komiks / romans / komedia / obyczajowe;DOSTĘPNY;1;1
337;Projekt: Cosplay. Tom 12;Shinichi Fukuda;Studio JG;Warszawa 2025;Wydanie I;9788382576283;komiks / romans / komedia / obyczajowe;DOSTĘPNY;1;1
338;Projekt: Cosplay. Tom 13;Shinichi Fukuda;Studio JG;Warszawa 2025;Wydanie I;9788382578393;komiks / romans / komedia / obyczajowe;DOSTĘPNY;1;1
339;Moje szczęśliwe małżeństwo. Tom 1;Akumi Agitogi;Studio JG;Warszawa 2024;Wydanie I;9788382574210;komiks / fantasy / romans;DOSTĘPNY;1;1
340;Moje szczęśliwe małżeństwo. Tom 2;Akumi Agitogi;Studio JG;Warszawa 2024;Wydanie I;9788382575033;komiks / fantasy / romans;DOSTĘPNY;1;1
341;Moje szczęśliwe małżeństwo. Tom 3;Akumi Agitogi;Studio JG;Warszawa 2024;Wydanie I;9788382575972;komiks / fantasy / romans;DOSTĘPNY;1;1
342;Moje szczęśliwe małżeństwo. Tom 4;Akumi Agitogi;Studio JG;Warszawa 2025;Wydanie I;9788382576559;komiks / fantasy / romans;DOSTĘPNY;1;1
343;Chłopak, który jej się spodobał, wcale nie jest chłopakiem. Tom 1;Sumiko Arai;Waneko;Warszawa 2024;Wydanie I;9788382427998;komiks / romans / obyczajowe;DOSTĘPNY;1;1
344;Chłopak, który jej się spodobał, wcale nie jest chłopakiem. Tom 2;Sumiko Arai;Waneko;Warszawa 2025;Wydanie I;9788382428001;komiks / romans / obyczajowe;DOSTĘPNY;1;1
345;Chłopak, który jej się spodobał, wcale nie jest chłopakiem. Tom 3;Sumiko Arai;Waneko;Warszawa 2025;Wydanie I;9788382428018;komiks / romans / obyczajowe;DOSTĘPNY;1;1
346;Cicha piosenka o miłości. Tom 1;Eku Takeshima;Studio JG;Warszawa 2021;Wydanie I;9788380017207;komiks / romans / obyczajowe;DOSTĘPNY;1;1
347;Cicha piosenka o miłości. Tom 2;Eku Takeshima;Studio JG;Warszawa 2021;Wydanie I;9788380017511;komiks / romans / obyczajowe;DOSTĘPNY;1;1
348;Cicha piosenka o miłości. Tom 3;Eku Takeshima;Studio JG;Warszawa 2021;Wydanie I;9788380017870;komiks / romans / obyczajowe;DOSTĘPNY;1;1
349;Cicha piosenka o miłości. Tom 4;Eku Takeshima;Studio JG;Warszawa 2021;Wydanie I;9788380018129;komiks / romans / obyczajowe;DOSTĘPNY;1;1
350;Cicha piosenka o miłości. Tom 5;Eku Takeshima;Studio JG;Warszawa 2022;Wydanie I;9788382570403;komiks / romans / obyczajowe;DOSTĘPNY;1;1
351;Cicha piosenka o miłości. Tom 6;Eku Takeshima;Studio JG;Warszawa 2023;Wydanie I;9788382570564;komiks / romans / obyczajowe;DOSTĘPNY;1;1
352;Cicha piosenka o miłości. Tom 7;Eku Takeshima;Studio JG;Warszawa 2024;Wydanie I;9788382574074;komiks / romans / obyczajowe;DOSTĘPNY;1;1
353;Cicha piosenka o miłości. Tom 8;Eku Takeshima;Studio JG;Warszawa 2024;Wydanie I;9788382574654;komiks / romans / obyczajowe;DOSTĘPNY;1;1
354;Cicha piosenka o miłości. Tom 9;Eku Takeshima;Studio JG;Warszawa 2025;Wydanie I;9788382577419;komiks / romans / obyczajowe;DOSTĘPNY;1;1
355;Zapiski Zielarki. Tom 1;Natsu Hyuuga, Nekokurage;Studio JG;Warszawa 2021;Wydanie I;9788380017184;komiks / obyczajowe / kryminał / romans;DOSTĘPNY;1;1
356;Zapiski Zielarki. Tom 2;Natsu Hyuuga, Nekokurage;Studio JG;Warszawa 2021;Wydanie I;9788380017900;komiks / obyczajowe / kryminał / romans;DOSTĘPNY;1;1
357;Zapiski Zielarki. Tom 3;Natsu Hyuuga, Nekokurage;Studio JG;Warszawa 2021;Wydanie I;9788380018471;komiks / obyczajowe / kryminał / romans;DOSTĘPNY;1;1
358;Zapiski Zielarki. Tom 4;Natsu Hyuuga, Nekokurage;Studio JG;Warszawa 2022;Wydanie I;9788380019188;komiks / obyczajowe / kryminał / romans;DOSTĘPNY;1;1
359;Zapiski Zielarki. Tom 5;Natsu Hyuuga, Nekokurage;Studio JG;Warszawa 2022;Wydanie I;9788382570168;komiks / obyczajowe / kryminał / romans;DOSTĘPNY;1;1
360;Zapiski Zielarki. Tom 6;Natsu Hyuuga, Nekokurage;Studio JG;Warszawa 2022;Wydanie I;9788382570793;komiks / obyczajowe / kryminał / romans;DOSTĘPNY;1;1
361;Zapiski Zielarki. Tom 7;Natsu Hyuuga, Nekokurage;Studio JG;Warszawa 2023;Wydanie I;9788382571417;komiks / obyczajowe / kryminał / romans;DOSTĘPNY;1;1
362;Zapiski Zielarki. Tom 8;Natsu Hyuuga, Nekokurage;Studio JG;Warszawa 2023;Wydanie I;9788382572520;komiks / obyczajowe / kryminał / romans;DOSTĘPNY;1;1
363;Zapiski Zielarki. Tom 9;Natsu Hyuuga, Nekokurage;Studio JG;Warszawa 2023;Wydanie I;9788382573145;komiks / obyczajowe / kryminał / romans;DOSTĘPNY;1;1
364;Zapiski Zielarki. Tom 10;Natsu Hyuuga, Nekokurage;Studio JG;Warszawa 2024;Wydanie I;9788382573794;komiks / obyczajowe / kryminał / romans;DOSTĘPNY;1;1
365;Zapiski Zielarki. Tom 11;Natsu Hyuuga, Nekokurage;Studio JG;Warszawa 2024;Wydanie I;9788382574500;komiks / obyczajowe / kryminał / romans;DOSTĘPNY;1;1
366;Zapiski Zielarki. Tom 12;Natsu Hyuuga, Nekokurage;Studio JG;Warszawa 2024;Wydanie I;9788382575231;komiks / obyczajowe / kryminał / romans;DOSTĘPNY;1;1
367;Zapiski Zielarki. Tom 13;Natsu Hyuuga, Nekokurage;Studio JG;Warszawa 2025;Wydanie I;9788382577112;komiks / obyczajowe / kryminał / romans;DOSTĘPNY;1;1
368;Zapiski Zielarki. Tom 14;Natsu Hyuuga, Nekokurage;Studio JG;Warszawa 2025;Wydanie I;9788382578461;komiks / obyczajowe / kryminał / romans;DOSTĘPNY;1;1
